"Status","Start Time","Stop Time","Duration in ms","Parent Suite","Suite","Sub Suite","Test Class","Test Method","Name","Description"
"failed","Tue Jan 18 03:44:36 UTC 2022","Tue Jan 18 03:44:36 UTC 2022","126","payloads","when on osx","stageless php/meterpreter_reverse_tcp","meterpreter_spec","","passes test/railgun","Location - spec/acceptance/meterpreter_spec.rb:510"
"failed","Tue Jan 18 03:44:27 UTC 2022","Tue Jan 18 03:44:27 UTC 2022","109","payloads","when on osx","stageless php/meterpreter_reverse_tcp","meterpreter_spec","","passes test/get_env","Location - spec/acceptance/meterpreter_spec.rb:510"
"failed","Tue Jan 18 03:45:16 UTC 2022","Tue Jan 18 03:45:27 UTC 2022","10257","payloads","when on osx","staged php/meterpreter/reverse_tcp","meterpreter_spec","","passes test/meterpreter","Location - spec/acceptance/meterpreter_spec.rb:510"
"failed","Tue Jan 18 03:44:16 UTC 2022","Tue Jan 18 03:44:27 UTC 2022","10279","payloads","when on osx","stageless php/meterpreter_reverse_tcp","meterpreter_spec","","passes test/file","Location - spec/acceptance/meterpreter_spec.rb:510"
"failed","Tue Jan 18 03:44:47 UTC 2022","Tue Jan 18 03:44:47 UTC 2022","433","payloads","when on osx","stageless php/meterpreter_reverse_tcp","meterpreter_spec","","passes test/unix","Location - spec/acceptance/meterpreter_spec.rb:510"
"failed","Tue Jan 18 03:44:36 UTC 2022","Tue Jan 18 03:44:37 UTC 2022","115","payloads","when on osx","stageless php/meterpreter_reverse_tcp","meterpreter_spec","","passes test/registry","Location - spec/acceptance/meterpreter_spec.rb:510"
"failed","Tue Jan 18 03:45:38 UTC 2022","Tue Jan 18 03:45:38 UTC 2022","127","payloads","when on osx","staged php/meterpreter/reverse_tcp","meterpreter_spec","","passes test/services","Location - spec/acceptance/meterpreter_spec.rb:510"
"failed","Tue Jan 18 03:45:27 UTC 2022","Tue Jan 18 03:45:27 UTC 2022","259","payloads","when on osx","staged php/meterpreter/reverse_tcp","meterpreter_spec","","passes test/registry","Location - spec/acceptance/meterpreter_spec.rb:510"
"failed","Tue Jan 18 03:45:27 UTC 2022","Tue Jan 18 03:45:27 UTC 2022","178","payloads","when on osx","staged php/meterpreter/reverse_tcp","meterpreter_spec","","passes test/railgun_reverse_lookups","Location - spec/acceptance/meterpreter_spec.rb:510"
"failed","Tue Jan 18 03:45:16 UTC 2022","Tue Jan 18 03:45:16 UTC 2022","132","payloads","when on osx","staged php/meterpreter/reverse_tcp","meterpreter_spec","","passes test/get_env","Location - spec/acceptance/meterpreter_spec.rb:510"
"failed","Tue Jan 18 03:44:16 UTC 2022","Tue Jan 18 03:44:16 UTC 2022","182","payloads","when on osx","stageless php/meterpreter_reverse_tcp","meterpreter_spec","","passes test/extapi","Location - spec/acceptance/meterpreter_spec.rb:510"
"failed","Tue Jan 18 03:45:06 UTC 2022","Tue Jan 18 03:45:16 UTC 2022","10263","payloads","when on osx","staged php/meterpreter/reverse_tcp","meterpreter_spec","","passes test/file","Location - spec/acceptance/meterpreter_spec.rb:510"
"failed","Tue Jan 18 03:44:37 UTC 2022","Tue Jan 18 03:44:47 UTC 2022","10217","payloads","when on osx","stageless php/meterpreter_reverse_tcp","meterpreter_spec","","passes test/search","Location - spec/acceptance/meterpreter_spec.rb:510"
"failed","Tue Jan 18 03:45:27 UTC 2022","Tue Jan 18 03:45:38 UTC 2022","10266","payloads","when on osx","staged php/meterpreter/reverse_tcp","meterpreter_spec","","passes test/search","Location - spec/acceptance/meterpreter_spec.rb:510"
"failed","Tue Jan 18 03:44:36 UTC 2022","Tue Jan 18 03:44:36 UTC 2022","118","payloads","when on osx","stageless php/meterpreter_reverse_tcp","meterpreter_spec","","passes test/railgun_reverse_lookups","Location - spec/acceptance/meterpreter_spec.rb:510"
"failed","Tue Jan 18 03:44:47 UTC 2022","Tue Jan 18 03:44:47 UTC 2022","133","payloads","when on osx","stageless php/meterpreter_reverse_tcp","meterpreter_spec","","passes test/services","Location - spec/acceptance/meterpreter_spec.rb:510"
"failed","Tue Jan 18 03:45:06 UTC 2022","Tue Jan 18 03:45:06 UTC 2022","151","payloads","when on osx","staged php/meterpreter/reverse_tcp","meterpreter_spec","","passes test/extapi","Location - spec/acceptance/meterpreter_spec.rb:510"
"failed","Tue Jan 18 03:44:27 UTC 2022","Tue Jan 18 03:44:36 UTC 2022","9294","payloads","when on osx","stageless php/meterpreter_reverse_tcp","meterpreter_spec","","passes test/meterpreter","Location - spec/acceptance/meterpreter_spec.rb:510"
"passed","Tue Jan 18 03:44:16 UTC 2022","Tue Jan 18 03:44:16 UTC 2022","459","payloads","when on osx","stageless php/meterpreter_reverse_tcp","meterpreter_spec","","passes test/cmd_exec","Location - spec/acceptance/meterpreter_spec.rb:510"
"passed","Tue Jan 18 03:45:05 UTC 2022","Tue Jan 18 03:45:06 UTC 2022","521","payloads","when on osx","staged php/meterpreter/reverse_tcp","meterpreter_spec","","passes test/cmd_exec","Location - spec/acceptance/meterpreter_spec.rb:510"
"failed","Tue Jan 18 03:45:38 UTC 2022","Tue Jan 18 03:45:38 UTC 2022","372","payloads","when on osx","staged php/meterpreter/reverse_tcp","meterpreter_spec","","passes test/unix","Location - spec/acceptance/meterpreter_spec.rb:510"
"failed","Tue Jan 18 03:45:27 UTC 2022","Tue Jan 18 03:45:27 UTC 2022","119","payloads","when on osx","staged php/meterpreter/reverse_tcp","meterpreter_spec","","passes test/railgun","Location - spec/acceptance/meterpreter_spec.rb:510"
"failed","Tue Jan 18 03:44:40 UTC 2022","Tue Jan 18 03:44:40 UTC 2022","91","payloads","when on linux","staged php/meterpreter/reverse_tcp","meterpreter_spec","","passes test/railgun","Location - spec/acceptance/meterpreter_spec.rb:510"
"passed","Tue Jan 18 03:44:29 UTC 2022","Tue Jan 18 03:44:29 UTC 2022","80","payloads","when on linux","staged php/meterpreter/reverse_tcp","meterpreter_spec","","passes test/get_env","Location - spec/acceptance/meterpreter_spec.rb:510"
"failed","Tue Jan 18 03:44:29 UTC 2022","Tue Jan 18 03:44:29 UTC 2022","91","payloads","when on linux","staged php/meterpreter/reverse_tcp","meterpreter_spec","","passes test/file","Location - spec/acceptance/meterpreter_spec.rb:510"
"failed","Tue Jan 18 03:44:40 UTC 2022","Tue Jan 18 03:44:40 UTC 2022","77","payloads","when on linux","staged php/meterpreter/reverse_tcp","meterpreter_spec","","passes test/railgun_reverse_lookups","Location - spec/acceptance/meterpreter_spec.rb:510"
"failed","Tue Jan 18 03:44:40 UTC 2022","Tue Jan 18 03:44:50 UTC 2022","10092","payloads","when on linux","staged php/meterpreter/reverse_tcp","meterpreter_spec","","passes test/search","Location - spec/acceptance/meterpreter_spec.rb:510"
"failed","Tue Jan 18 03:44:11 UTC 2022","Tue Jan 18 03:44:11 UTC 2022","77","payloads","when on linux","stageless php/meterpreter_reverse_tcp","meterpreter_spec","","passes test/registry","Location - spec/acceptance/meterpreter_spec.rb:510"
"failed","Tue Jan 18 03:44:50 UTC 2022","Tue Jan 18 03:44:50 UTC 2022","90","payloads","when on linux","staged php/meterpreter/reverse_tcp","meterpreter_spec","","passes test/services","Location - spec/acceptance/meterpreter_spec.rb:510"
"passed","Tue Jan 18 03:44:29 UTC 2022","Tue Jan 18 03:44:29 UTC 2022","519","payloads","when on linux","staged php/meterpreter/reverse_tcp","meterpreter_spec","","passes test/cmd_exec","Location - spec/acceptance/meterpreter_spec.rb:510"
"passed","Tue Jan 18 03:44:10 UTC 2022","Tue Jan 18 03:44:10 UTC 2022","511","payloads","when on linux","stageless php/meterpreter_reverse_tcp","meterpreter_spec","","passes test/cmd_exec","Location - spec/acceptance/meterpreter_spec.rb:510"
"failed","Tue Jan 18 03:44:11 UTC 2022","Tue Jan 18 03:44:11 UTC 2022","91","payloads","when on linux","stageless php/meterpreter_reverse_tcp","meterpreter_spec","","passes test/meterpreter","Location - spec/acceptance/meterpreter_spec.rb:510"
"failed","Tue Jan 18 03:44:21 UTC 2022","Tue Jan 18 03:44:21 UTC 2022","77","payloads","when on linux","stageless php/meterpreter_reverse_tcp","meterpreter_spec","","passes test/unix","Location - spec/acceptance/meterpreter_spec.rb:510"
"passed","Tue Jan 18 03:44:11 UTC 2022","Tue Jan 18 03:44:11 UTC 2022","80","payloads","when on linux","stageless php/meterpreter_reverse_tcp","meterpreter_spec","","passes test/get_env","Location - spec/acceptance/meterpreter_spec.rb:510"
"failed","Tue Jan 18 03:44:10 UTC 2022","Tue Jan 18 03:44:11 UTC 2022","113","payloads","when on linux","stageless php/meterpreter_reverse_tcp","meterpreter_spec","","passes test/extapi","Location - spec/acceptance/meterpreter_spec.rb:510"
"failed","Tue Jan 18 03:44:40 UTC 2022","Tue Jan 18 03:44:40 UTC 2022","88","payloads","when on linux","staged php/meterpreter/reverse_tcp","meterpreter_spec","","passes test/registry","Location - spec/acceptance/meterpreter_spec.rb:510"
"failed","Tue Jan 18 03:44:11 UTC 2022","Tue Jan 18 03:44:11 UTC 2022","93","payloads","when on linux","stageless php/meterpreter_reverse_tcp","meterpreter_spec","","passes test/railgun_reverse_lookups","Location - spec/acceptance/meterpreter_spec.rb:510"
"failed","Tue Jan 18 03:44:29 UTC 2022","Tue Jan 18 03:44:29 UTC 2022","79","payloads","when on linux","staged php/meterpreter/reverse_tcp","meterpreter_spec","","passes test/extapi","Location - spec/acceptance/meterpreter_spec.rb:510"
"failed","Tue Jan 18 03:44:11 UTC 2022","Tue Jan 18 03:44:11 UTC 2022","90","payloads","when on linux","stageless php/meterpreter_reverse_tcp","meterpreter_spec","","passes test/file","Location - spec/acceptance/meterpreter_spec.rb:510"
"failed","Tue Jan 18 03:44:21 UTC 2022","Tue Jan 18 03:44:21 UTC 2022","96","payloads","when on linux","stageless php/meterpreter_reverse_tcp","meterpreter_spec","","passes test/services","Location - spec/acceptance/meterpreter_spec.rb:510"
"failed","Tue Jan 18 03:44:50 UTC 2022","Tue Jan 18 03:44:50 UTC 2022","89","payloads","when on linux","staged php/meterpreter/reverse_tcp","meterpreter_spec","","passes test/unix","Location - spec/acceptance/meterpreter_spec.rb:510"
"failed","Tue Jan 18 03:44:11 UTC 2022","Tue Jan 18 03:44:11 UTC 2022","79","payloads","when on linux","stageless php/meterpreter_reverse_tcp","meterpreter_spec","","passes test/railgun","Location - spec/acceptance/meterpreter_spec.rb:510"
"failed","Tue Jan 18 03:44:29 UTC 2022","Tue Jan 18 03:44:40 UTC 2022","10101","payloads","when on linux","staged php/meterpreter/reverse_tcp","meterpreter_spec","","passes test/meterpreter","Location - spec/acceptance/meterpreter_spec.rb:510"
"failed","Tue Jan 18 03:44:11 UTC 2022","Tue Jan 18 03:44:21 UTC 2022","10101","payloads","when on linux","stageless php/meterpreter_reverse_tcp","meterpreter_spec","","passes test/search","Location - spec/acceptance/meterpreter_spec.rb:510"
"failed","Tue Jan 18 03:45:52 UTC 2022","Tue Jan 18 03:45:52 UTC 2022","1","payloads","when on windows","stageless php/meterpreter_reverse_tcp","meterpreter_spec","","passes test/meterpreter","Location - spec/acceptance/meterpreter_spec.rb:510"
"passed","Tue Jan 18 03:46:25 UTC 2022","Tue Jan 18 03:46:25 UTC 2022","453","payloads","when on windows","staged php/meterpreter/reverse_tcp","meterpreter_spec","","passes test/cmd_exec","Location - spec/acceptance/meterpreter_spec.rb:510"
"failed","Tue Jan 18 03:45:52 UTC 2022","Tue Jan 18 03:45:52 UTC 2022","1","payloads","when on windows","stageless php/meterpreter_reverse_tcp","meterpreter_spec","","passes test/registry","Location - spec/acceptance/meterpreter_spec.rb:510"
"failed","Tue Jan 18 03:46:57 UTC 2022","Tue Jan 18 03:46:57 UTC 2022","157","payloads","when on windows","staged php/meterpreter/reverse_tcp","meterpreter_spec","","passes test/unix","Location - spec/acceptance/meterpreter_spec.rb:510"
"failed","Tue Jan 18 03:46:25 UTC 2022","Tue Jan 18 03:46:25 UTC 2022","155","payloads","when on windows","staged php/meterpreter/reverse_tcp","meterpreter_spec","","passes test/extapi","Location - spec/acceptance/meterpreter_spec.rb:510"
"failed","Tue Jan 18 03:45:52 UTC 2022","Tue Jan 18 03:45:52 UTC 2022","1","payloads","when on windows","stageless php/meterpreter_reverse_tcp","meterpreter_spec","","passes test/railgun_reverse_lookups","Location - spec/acceptance/meterpreter_spec.rb:510"
"failed","Tue Jan 18 03:45:52 UTC 2022","Tue Jan 18 03:45:52 UTC 2022","1","payloads","when on windows","stageless php/meterpreter_reverse_tcp","meterpreter_spec","","passes test/unix","Location - spec/acceptance/meterpreter_spec.rb:510"
"failed","Tue Jan 18 03:46:25 UTC 2022","Tue Jan 18 03:46:35 UTC 2022","10147","payloads","when on windows","staged php/meterpreter/reverse_tcp","meterpreter_spec","","passes test/file","Location - spec/acceptance/meterpreter_spec.rb:510"
"failed","Tue Jan 18 03:45:52 UTC 2022","Tue Jan 18 03:45:52 UTC 2022","0","payloads","when on windows","stageless php/meterpreter_reverse_tcp","meterpreter_spec","","passes test/get_env","Location - spec/acceptance/meterpreter_spec.rb:510"
"failed","Tue Jan 18 03:46:56 UTC 2022","Tue Jan 18 03:46:57 UTC 2022","167","payloads","when on windows","staged php/meterpreter/reverse_tcp","meterpreter_spec","","passes test/services","Location - spec/acceptance/meterpreter_spec.rb:510"
"failed","Tue Jan 18 03:45:52 UTC 2022","Tue Jan 18 03:45:52 UTC 2022","0","payloads","when on windows","stageless php/meterpreter_reverse_tcp","meterpreter_spec","","passes test/railgun","Location - spec/acceptance/meterpreter_spec.rb:510"
"failed","Tue Jan 18 03:46:36 UTC 2022","Tue Jan 18 03:46:46 UTC 2022","10157","payloads","when on windows","staged php/meterpreter/reverse_tcp","meterpreter_spec","","passes test/meterpreter","Location - spec/acceptance/meterpreter_spec.rb:510"
"failed","Tue Jan 18 03:46:46 UTC 2022","Tue Jan 18 03:46:56 UTC 2022","10157","payloads","when on windows","staged php/meterpreter/reverse_tcp","meterpreter_spec","","passes test/search","Location - spec/acceptance/meterpreter_spec.rb:510"
"failed","Tue Jan 18 03:45:52 UTC 2022","Tue Jan 18 03:45:52 UTC 2022","0","payloads","when on windows","stageless php/meterpreter_reverse_tcp","meterpreter_spec","","passes test/services","Location - spec/acceptance/meterpreter_spec.rb:510"
"failed","Tue Jan 18 03:45:52 UTC 2022","Tue Jan 18 03:45:52 UTC 2022","0","payloads","when on windows","stageless php/meterpreter_reverse_tcp","meterpreter_spec","","passes test/search","Location - spec/acceptance/meterpreter_spec.rb:510"
"failed","Tue Jan 18 03:45:52 UTC 2022","Tue Jan 18 03:45:52 UTC 2022","0","payloads","when on windows","stageless php/meterpreter_reverse_tcp","meterpreter_spec","","passes test/cmd_exec","Location - spec/acceptance/meterpreter_spec.rb:510"
"failed","Tue Jan 18 03:46:46 UTC 2022","Tue Jan 18 03:46:46 UTC 2022","166","payloads","when on windows","staged php/meterpreter/reverse_tcp","meterpreter_spec","","passes test/railgun","Location - spec/acceptance/meterpreter_spec.rb:510"
"failed","Tue Jan 18 03:46:35 UTC 2022","Tue Jan 18 03:46:36 UTC 2022","166","payloads","when on windows","staged php/meterpreter/reverse_tcp","meterpreter_spec","","passes test/get_env","Location - spec/acceptance/meterpreter_spec.rb:510"
"failed","Tue Jan 18 03:46:46 UTC 2022","Tue Jan 18 03:46:46 UTC 2022","145","payloads","when on windows","staged php/meterpreter/reverse_tcp","meterpreter_spec","","passes test/registry","Location - spec/acceptance/meterpreter_spec.rb:510"
"failed","Tue Jan 18 03:45:52 UTC 2022","Tue Jan 18 03:45:52 UTC 2022","0","payloads","when on windows","stageless php/meterpreter_reverse_tcp","meterpreter_spec","","passes test/file","Location - spec/acceptance/meterpreter_spec.rb:510"
"failed","Tue Jan 18 03:45:52 UTC 2022","Tue Jan 18 03:45:52 UTC 2022","1","payloads","when on windows","stageless php/meterpreter_reverse_tcp","meterpreter_spec","","passes test/extapi","Location - spec/acceptance/meterpreter_spec.rb:510"
"failed","Tue Jan 18 03:46:46 UTC 2022","Tue Jan 18 03:46:46 UTC 2022","157","payloads","when on windows","staged php/meterpreter/reverse_tcp","meterpreter_spec","","passes test/railgun_reverse_lookups","Location - spec/acceptance/meterpreter_spec.rb:510"
